FOMC_Date,SP500_Day0,SP500_CAR,DGS10_Day0,VIX_Day0,Tech_Day0,Tech_CAR,Financials_Day0,Financials_CAR,Energy_Day0,Energy_CAR,Industrials_Day0,Industrials_CAR,Utilities_Day0,Utilities_CAR,HealthCare_Day0,HealthCare_CAR,Discretionary_Day0,Discretionary_CAR,Staples_Day0,Staples_CAR,RealEstate_Day0,RealEstate_CAR,Materials_Day0,Materials_CAR,Communications_Day0,Communications_CAR
2010-01-27,0.48801522109449547,-0.6703853255670689,0.273972602739736,-5.743380412344701,0.8263951546290782,-2.9067328208990606,2.426822652990701,1.1781072207898702,-0.390683950900117,-0.5768485355465369,0.28669249682440334,-0.8000390508599575,-0.6636211970445283,-0.9945162273717445,0.6988280119724966,-0.6235844771729115,0.1711917406940211,0.3883840892248358,0.22805037275168694,0.2317769910067713,,,-0.858206972878528,-1.6822265196552726,,
2010-03-16,0.7779116301385613,0.8188499628352663,-1.3477088948786964,-1.7222192552354576,0.747922774131693,0.5867076412783612,1.2225974280906993,1.206745348124505,0.8980821536288541,-0.6985741334360474,1.350045674267153,1.7927313250605592,1.1686057438134778,0.9280953361222033,0.2807977200177225,0.9590150900758543,0.7460538317129561,0.9074617086278769,0.4695084259806803,0.7138050136530127,,,1.4723730473489738,0.23753386518975406,,
2010-04-28,0.6462752419523099,-2.0623644926580975,2.425876010781658,-7.584390980891476,0.2968462554258311,-1.3674170433221833,1.4410612595952221,-0.16050795615244473,1.0169852635052656,-2.0393165421726867,0.7101313771071815,0.19585208156255307,1.0339692536460054,1.1051633463182275,0.6522987052725249,0.05970607586186505,-0.3437265454075633,-1.0940337168460768,0.8005604460715521,-0.6230397860120918,,,1.2101539199220746,-3.34811366753347,,
2010-05-09,0.0,3.9008091350818175,0.0,0.0,0.0,4.3457246224883335,0.0,5.210167416106026,0.0,3.0891026841932567,0.0,5.440850588321345,0.0,3.5776404344590174,0.0,1.987939472928113,0.0,4.80826556624293,0.0,2.9026740072143897,,,0.0,4.465881014010121,,
2010-06-23,-0.29854738442266493,-3.5034243807857024,-1.572327044025168,-0.5175578321519048,-0.1819875997620679,-2.951191362692429,-0.48008833014345775,-2.0444272213480663,-0.7610893160801324,-6.841596435524256,-0.3751065332927572,-4.475460950781196,-0.8925590375103543,-2.8125196552106546,-0.41082706089906607,-1.8379802378768573,-0.06348957889512619,-5.135582528196436,0.6463986975355995,-1.8355905799200767,,,0.1975745203923518,-4.451647067306552,,
2010-08-10,-0.5967405488298549,-4.354849365043966,-2.447552447552437,1.0388502977669356,-1.0254299393691269,-5.265104455266034,-0.8748164544250203,-5.3922533520165965,-0.8233295919073402,-4.564802348363539,-0.677204477598714,-5.255099361552018,0.57878676364993,-1.2714691328650218,0.23495421732655508,-2.3078233776477663,-0.8657699411832809,-4.995605520838231,0.22032406014782513,-1.5776732708987828,,,-1.0706621235476055,-4.278037232882903,,
2010-09-21,-0.2564020390809607,0.5473539282124462,-4.044117647058831,3.9534901463708305,-0.175015855735694,1.1508973876017348,-0.9402958457434885,-1.8266884911246288,0.07301168832725136,0.8817008762991074,0.19255069840959926,0.9441646822782479,-0.5118046838471058,0.6611679229502565,0.0659241893707696,1.0598228858878844,-0.41941236047988717,0.9913919908993041,-0.1795231255480645,0.6912111365821372,,,-0.45533451823907,1.302513955634399,,
2010-11-03,0.3678053944041082,3.25219968920355,1.520912547528508,-9.318499106720623,0.5688878951964016,3.048665513365112,0.9589099437764759,6.085750752472519,0.21680432137496375,5.296245967304913,0.15386832991153288,3.4208237681369935,-0.1888490093813866,1.4682305304100307,0.06354139290767336,0.647454275428827,0.5057725066862417,3.5391458723606384,0.31229129880758766,1.4319209207954597,,,-0.2845960551326465,4.639508966821593,,
2010-12-14,0.091095635360805,0.28104033555245156,6.079027355623112,0.34188818176306146,0.15914331826127892,0.12121423813894472,-0.8889042584957152,-1.0356396017787595,-0.46639640300033536,-0.41331603393054417,0.4648317377066835,0.8660416406842009,0.2558612802108229,0.8150267271875511,1.0210288068782214,1.5730725647107202,-0.026736893854717447,0.5378361154324884,0.4804278850050192,1.62690601210016,,,-0.0801680755580847,1.111978465802399,,
2011-01-26,0.42209071896761596,-0.34612930609608794,2.9850746268656803,-5.400800197262567,0.5725158294969113,-0.31345909325418697,-0.060970257138404094,-0.2199972234010361,2.3945133208342684,3.960389860929381,0.5801035570218049,0.02799616275540595,-0.37408539777914473,-1.273459468575977,-0.12441502337471322,-1.4556384395461808,0.15793533273003035,-2.0447770550434896,-0.26987671211157194,-2.2482415772182907,,,2.1091250385477656,1.5190329522106305,,
2011-03-15,-1.120034817237281,-1.29868665650541,-0.8928571428571397,15.097021584272907,-1.4797017996125872,-2.6998050484139613,-1.159173638076505,-0.4327301820684304,-0.7547934280693003,0.22631472536726038,-0.9350964317545896,-0.6042038648698678,-1.9008859425185154,-2.8304494300408045,-1.1677732624396309,-1.2825652421961764,-0.8304617158144234,-2.1428116355671323,-0.8807126640529517,-1.0186479904561008,,,0.0,0.2611894838126516,,
2011-04-27,0.6249847099511818,2.108551788563018,1.4970059880239583,-1.7285499748241007,0.6016868479138182,1.0246835146155986,0.6180158349203158,1.4283033696522396,-0.05038651920017401,1.0882692788009685,0.44452287268479385,2.9621007392601872,0.7989561113111332,2.7303043157599127,1.1242625568067321,3.7687079979109805,1.2018146943951313,2.044555163721018,0.644513457519369,2.3795622768209457,,,0.32030990032005935,1.100297448552301,,
2011-06-22,-0.6468448774604507,0.15857097155658195,0.6688963210702115,-1.8027579087207313,-0.7205929568983249,1.3806289113814207,-0.59641700245604,0.22506668841943966,-0.2864710347279198,-0.7505700197620646,-0.5506826063893744,0.4421182065227014,-0.662604996508076,-0.41386325581070915,-0.5942062897919431,-0.7310572313775188,-0.7684202715048549,1.875042040847108,-0.6381629811241241,-1.985698326948937,,,-0.4221258858848498,1.646437620974328,,
2011-08-09,4.74068481332115,5.480613487869412,-8.333333333333325,-26.958330472310386,4.57318711143333,5.1824042263787335,7.730301544426887,5.662723345970289,5.089885163396479,7.56473837774585,4.945767153391967,6.555660257765372,3.278166209036626,5.006485996367093,3.6448087251774286,4.987083171704376,4.638862690332579,6.034506557507757,2.432247496417217,2.7611307889632064,,,6.161567495650622,8.306593429372144,,
2011-09-21,-2.939044252863232,-3.3516414069696516,-3.589743589743588,13.572729767593694,-1.4882992183186894,-2.4446416524098735,-4.95211724337209,-2.637527727585832,-4.160362204003166,-7.8588585466981895,-4.134832021117319,-5.05145049665272,-1.8378124712893462,-0.27586903804863727,-2.696119580866685,-2.1190880981092897,-3.2267190363332365,-2.904077880624323,-2.0561288966159053,-1.6232778088483668,,,-4.522453321130849,-8.265215007456906,,
2011-11-02,1.6104667765514558,0.6959954630308629,0.995024875621886,-5.838362820163856,1.2257994421335017,0.844162578099894,2.9549097522826973,-0.858231596637915,3.0091741122240556,2.8781312285825145,1.9746784970877673,0.8735950169815321,1.7585124855229672,0.9613151507797069,0.6682916227426672,0.09723084076165289,1.0214891650055735,0.4235798985574357,0.9508293628614162,0.7067963314699388,,,2.47538764006503,2.4715855302407164,,
2011-12-13,-0.868600976072853,-1.3575126968379925,-3.4482758620689613,-1.012856361936454,-0.933465947813128,-2.426939228912095,-1.4073600469891479,-1.3239190235664555,-0.9336123689660525,-3.1053529670024282,-1.3193538741088306,-1.3729155806544435,0.3746826082227983,0.6620846782268708,-0.1795351431927994,0.5361623870220433,-1.9627980312360127,-2.845221038667678,-0.22068315967255225,0.1789245889599944,,,-1.6821857170480459,-1.5896673369284908,,
2012-01-25,0.8679141952454561,-0.22155669888614948,-3.3653846153846256,-3.1729264215294983,0.7815627691080129,0.33987725487503173,0.21172887689884234,-1.339153760409506,1.2266641332299821,-1.1135543384909408,1.1061938759109102,0.5867509672146887,1.6536062116965011,-0.6661419208901065,0.7282416381941825,0.2276539948564249,0.7273044074847412,0.48869578248886825,1.1494609405107603,-1.1051531936954517,,,1.5864603970736635,1.5866124736051201,,
2012-03-13,1.8131549330308916,2.402188479323486,4.90196078431373,-5.37084484749718,1.9849669008823678,2.5746966388662362,3.838383324057726,6.099937320574522,1.2063185579569868,1.7799270217036867,2.080484701854135,3.0809814396747237,0.3373882495558256,-1.3134027627693445,1.4258244600541037,1.5502076111940766,1.5503662394956486,1.4315111814152348,0.7442821337813044,0.561160088900603,,,1.6465401664894852,2.1920248037447854,,
2012-04-25,1.3644592157896263,2.2535352995033953,0.49999999999998934,-7.0718268489979526,2.8285932758573606,2.6609504967379682,0.8524812106182056,2.3096238574526806,0.9942661341905357,3.369443738903277,0.1899911067992477,1.788837320709935,0.5127583544786596,2.2461815050129452,1.0503333525404335,1.375059654753208,1.6814476812730739,3.262269950125829,0.6510620052690319,1.1838771715308116,,,2.1093246104651353,1.7863794586313708,,
2012-06-20,-0.16863570122068738,-2.2912587868681777,0.6097560975609762,-6.20239086888451,0.17361448484178865,-2.3496771477726663,0.20685806978750776,-1.4896625845525646,-0.3940697819064032,-4.614208981869128,-0.535064827899201,-2.6425225141298303,-0.973247873477856,-2.391884710722758,-0.2656354873938893,-0.9152480104747118,-0.11333941625953914,-2.482856623397589,-0.5234310087950944,-2.103321152655513,,,-0.5654847458385959,-2.6620374626425636,,
2012-08-01,-0.2899979813067777,0.6649077511120649,3.31125827814569,0.15847215432254202,-0.3417779607214677,2.096937326202808,-0.4774897052507332,1.0462884453702803,0.488152262726671,0.3467380344728266,-0.670198381066478,0.7209917162509183,-0.76474053563651,-1.1955151201140102,0.05209437944284634,-0.32349824254395143,-0.413389079140547,0.8873245915598904,-0.5051459556290938,-0.1481558172382047,,,0.02872306762937704,1.053715011226497,,
2012-09-13,1.630974737217783,2.237165593259527,-1.1299435028248594,-11.075949233381666,1.3544121564530887,2.737991010552321,2.6048239874696177,3.7070608470834765,1.6272263155512334,3.8684484459024393,1.1317512148959263,2.2178709605737645,1.405724653040652,-0.724777541604471,1.0144610746612548,1.294112128459557,1.2788572726423642,1.7511016221469888,1.778696306030092,0.4676805227998071,,,2.461451191841313,2.381118064208043,,
2012-10-24,-0.30853828766044256,-1.5262728250064805,0.5586592178770999,-2.6553372385866303,-0.5828027441765138,-2.1159290941937803,0.0,-1.2942774490242503,-0.7665556006789198,-2.055916730064533,-0.6332654680344274,-0.5367979873199924,-0.7362959809134595,-0.2856711281435165,0.17461259780371385,-1.4721319225292961,-0.3908128565631497,-0.7730766005307199,0.0,-0.9444749373859862,,,-0.055332560898235794,-3.3100313468707343,,
2012-12-12,0.04482397633895907,0.8410886269375695,3.6144578313253017,2.4405916627425306,-0.17103885680995745,0.7149289159739003,0.4356140493921634,2.12916281902511,0.3616153911838671,0.5556051053580369,0.15886136398464146,0.772062098417714,-0.16876614619755204,0.7998790687977264,-0.1460511372060047,0.45507283055734593,0.12690601114042632,1.1582770170014633,-0.22125085798230248,-0.2762909443661421,,,-0.24613341599348804,2.030802179626967,,
2013-01-30,-0.38996213232838084,-0.2842966481198417,0.0,7.588273804401613,-0.30569447203389055,-0.18863310349344076,-0.4579559315257886,0.0745489435987623,-0.49996408046256713,0.763399692648048,-0.9115194930679693,-0.9292265868999672,0.08233555794840974,0.6111657529028647,-0.30114284787912116,0.17972554394882767,-0.17837772942226326,-1.700794166013142,-0.18921476557611783,0.09102526061489646,,,-0.5555512922424399,-0.6429469723053693,,
2013-03-20,0.6697492376419811,-0.01732546707278182,2.083333333333326,-11.952746532260672,0.4971884561316475,-0.3548415085018908,0.6604369164495472,-0.756010731625889,0.5634458066090975,-0.6351503973074157,0.12000063994201948,-1.0967396085824421,0.7364212848919971,0.4519792610934159,0.8319890921425044,0.8151391069051939,1.1578442372146114,0.6697324721122166,0.9563761763222489,2.3312486860071036,,,0.7613956267806365,-2.020786580071332,,
2013-05-01,-0.9307883608932754,1.502744485132157,-2.352941176470591,7.174550891360987,-0.8766103051517038,2.902374227343263,-1.1229757964428488,2.1438213006675477,-1.55871017588054,2.635610601930294,-1.3027837004393583,2.3230275157760327,-0.989647264793625,-2.4345619944359242,-1.0564263118493677,-0.6753528481054816,-0.5310203271941649,2.3021464552537285,-0.09769690713371526,-0.21513029195214806,,,-1.7699099628746606,1.1423366228770049,,
2013-06-19,-1.3851474486292426,-4.054590671444059,5.909090909090908,0.18060673205622102,-1.1591410986284134,-4.403855487380737,-1.3588403450284559,-4.5323912607616705,-0.919977097720015,-4.586606164752272,-1.5175914595992657,-4.242806319269543,-2.292866473248134,-3.213739005282745,-1.5898891963854966,-3.1747451185573983,-1.1355883779982867,-3.4427077268287976,-1.9898033315560282,-3.730055308530922,,,-0.7640614211207652,-4.8391258742828125,,
2013-07-31,-0.013640921141577778,1.2938600952757673,-1.1406844106463754,0.4480915937564056,-0.34546376801941614,1.8849596477787167,0.04881256930495681,1.370337495974172,0.32872175315723506,1.0785303841343241,0.35561067671854296,2.289415677530049,-0.7332310600491776,-0.34678974985165034,0.039208130831758226,0.5887462243356123,0.5249092465566152,2.3202756698195937,-0.024195350083200395,0.8205616662702253,,,-0.3446249413742608,0.44663948825255373,,
2013-09-18,1.2177672896303449,0.26159856138535664,-5.944055944055937,-6.469370940525709,1.266593406669192,1.4221564503760886,0.8771720026347518,-0.9697553368593126,1.2098585590732958,0.1177687233629765,1.2550432551626356,0.4769562948141126,2.984292855402515,2.7983210855135665,0.6190073195105894,-0.5360713698125297,1.1507266607449607,0.3226678525625748,1.1884838940993792,-0.06578055900031687,,,2.3053325476951825,-0.2406322859897947,,
2013-10-30,-0.4875923596155185,0.3342870097017059,0.7905138339920903,1.7897074858243212,-0.20693766857231566,0.5377314160638913,-0.38334381060967093,-0.8616157266660207,-0.6760081687729125,0.5659303995343756,-0.4505693691036594,0.9449721730974803,-0.6382586518187461,0.05670444976524358,-0.5443702476485179,0.4591630345988529,-0.48770356000520376,0.9334594152970777,-0.8616232414829006,-0.03739454080075033,,,-0.6121309805629749,-0.3836144244149686,,
2013-12-18,1.664796429762072,2.310389568197857,1.403508771929829,-14.867359838695481,0.7819482484992202,3.02244091839885,2.320081513728689,2.5953791797609926,1.510942047231989,1.5094093581207058,1.6726244719432959,2.925268183437213,1.3283756499301358,1.002509816198749,2.4789887359302876,2.6642674440446545,1.4830750819020855,2.017876702613264,1.6642181046989668,1.3632420464354422,,,1.214569765872331,2.8334485969382595,,
2014-01-29,-1.0209232261157553,0.07331654408562205,-2.8880866425992857,9.810127671034996,-0.7805525374284472,-2.026508457168763,-1.1759665336196434,-2.1031706518805704,-0.5550731970507705,-2.5501999578590673,-1.072920208302408,-2.421671120318991,-0.05230666310638288,1.8926336628205198,-0.9115347952159403,-0.583110563666922,-1.6014965798671787,-3.2693722762684563,-1.7535690099417578,-3.4795059687706242,,,0.4096195592268037,-1.5351033830734773,,
2014-03-19,-0.6131649335692324,-0.06689067551174377,3.731343283582067,4.132227333881366,-0.41072821889847067,1.0788322910809667,-0.04520042915658884,2.004499843646046,-0.7537149856173264,0.5443832290105033,-1.0332695542763615,-0.5240462432048232,-1.5815530670836297,-0.47463190712540015,-0.3018504089563723,-2.1656252337619586,-0.6608659130363792,-1.6096375880645275,-0.7688547480107166,-0.3570700296303797,,,-0.8832938661761713,-0.17702188690065235,,
2014-04-30,0.2992016977140688,0.8132283631602566,-1.4760147601476037,-2.188185192561176,0.30274154300122813,1.353186548109131,0.13679262160235517,0.8310697234048203,-0.0852581829865251,0.8237655946184974,0.6643752391493729,0.7427104440527854,0.16227746386665576,-0.9936987525213992,0.08609288889533939,0.6983726614401387,0.42475487467239503,1.617635811139606,0.317440639539579,-0.4281859245341413,,,0.8035575893109659,1.8037381851535916,,
2014-06-18,0.7718881307192449,1.2766523188220469,-1.8796992481203145,-12.02322315495855,0.5232217142367546,0.6458590821034949,0.5719051415102872,2.077724366508482,0.7579981026770932,2.7508992260342424,0.5678226967208211,0.9366270593753834,2.267382324607481,1.9969508103162337,0.8037320195842135,1.547618571696352,0.7552568516878022,0.6568591792261103,1.1809378658239167,0.8941807501180454,,,1.0785347478108998,1.8322256391712144,,
2014-07-30,0.006091277451791832,-2.0136203284555565,4.048582995951411,0.37650746792354806,0.10073023905665668,-1.80374349335507,0.43901330534308336,-2.1769331370880107,-0.5939050156874903,-2.12910659854586,0.09464420505647109,-2.928796870696404,-1.6890060077295765,-4.336784314127373,0.4036130042045505,-1.0652004199810272,0.5542103714462954,-0.9661098595567186,-1.0595339450881203,-2.130090265736595,,,-0.5212235835916124,-1.9192656573614797,,
2014-09-17,0.12956437010964716,0.518060721013136,0.7692307692307665,-0.6284361868248767,0.19863133890773987,0.6616408187221312,0.42590659771417627,0.8910560069021467,-0.5452801578581634,-1.405410331011414,0.3869597623988419,0.20208704893753815,-0.18636523050776788,0.513174961984586,0.07752092198103355,1.7581905143925214,-0.04383016066097367,-0.4503132794278608,-0.21925107404616728,0.8116173020308981,,,0.5993777811276413,1.6649769467518616,,
2014-10-29,-0.13853554985293615,2.8515235343581025,1.7391304347826209,5.281440285442196,-0.10047835672971628,3.573118724665114,0.25666040070646545,3.415109524921478,0.32667519919709065,2.6975738666418447,-0.34772413254112733,2.686675688517637,-0.5811337748437895,3.001627419246411,0.04560802751287785,3.142007365965971,-0.2976110325870085,2.4207807930278324,-0.1731615616060611,1.878498654293359,,,-1.2358563741552087,1.6927804087066844,,
2014-12-17,2.0352415732846962,4.425911042730079,3.3816425120773097,-17.52227074348888,1.8830161122500577,4.717566348418112,2.2794103797550314,4.382778764266915,4.148060167325496,9.132087530694754,0.932545566647236,5.057937283305436,1.7809822336754433,4.0796832765182085,1.870519137624127,2.741516575490577,1.912101640500552,3.26804557735344,1.455361638582131,3.8537848043004197,,,2.727868641395137,5.523728946947326,,
2020-01-29,-0.08668741908683941,-0.5384751178743263,-3.0303030303030165,0.6756676803653994,0.2579173314091632,1.613253109901136,-0.16519267609045318,0.8714905322477096,-1.0488072382223157,-4.2186529962051855,0.5333098088906363,-1.0610147049911256,0.2628879045814658,1.477268587455105,-0.27403311549575315,-1.5975389892691316,-0.05588340829669747,1.717825956691732,-0.504167607521333,-0.31710389400111394,-0.526066590901042,-1.3784684938237701,0.32143084163245295,0.7202819749346112,-0.16229344709784987,-0.46158377255620664
2020-03-03,-2.8107896121075893,0.9157994612266629,-7.272727272727275,10.173553896356191,-3.797594233491297,-4.775195393962372,-3.756729935553582,-8.672692280811878,-3.057313979477938,-9.969037731187736,-2.445477539337859,-4.0809882448847095,-1.2302609137945342,2.088660266647802,-2.4858255772347126,0.4263062831645681,-2.420487960685036,-4.230951328641563,-1.3586736651242992,0.8811382818095792,-0.07767016302002716,-0.19597014319142625,-0.8730304623997376,-2.499397832476158,-3.2939699616030937,-5.0754174152583325
2020-03-15,0.0,-1.8845215659349606,0.0,0.0,0.0,0.9583234585275751,0.0,-3.611150042542885,0.0,-18.050932114169058,0.0,-6.294303207228469,0.0,2.531513365559035,0.0,0.03602425090259942,0.0,-8.376502981054236,0.0,7.591191103326034,0.0,-8.177103299486966,0.0,-4.19899421447708,0.0,-1.2666663811356265
2020-03-23,0.0,13.848304669256994,0.0,0.0,0.0,15.391859940185004,0.0,15.580579450591003,0.0,20.048460676347812,0.0,19.843059113261884,0.0,16.723847954467153,0.0,10.486105884460407,0.0,15.435912481409144,0.0,7.3403045785515815,0.0,15.285407241897197,0.0,13.69229633812079,0.0,10.835112059550267
2020-03-31,-1.6012721914555605,-5.246293013629899,0.0,-6.201823409195106,-1.8681133359826463,-5.839681466718316,-2.755731601114353,-8.345243051652517,1.5373831433246554,4.680804168797881,-1.2385044201999484,-5.746234906306968,-4.035325743242613,-10.490028960593145,-0.4383629369080766,-2.375335939952527,-2.0179871434336527,-7.853954098071036,-2.032357981044175,-0.38007472779836293,-3.1855296086157114,-8.619398299020109,-1.3794379163476922,-6.78023225691855,-0.1805084255695255,-4.909931929313071
2020-04-29,2.6583916282167053,-1.168011720683526,1.6129032258064502,-6.970509901281496,4.104297895145548,0.9080022453010872,2.904945415761917,-2.660784428680063,7.407401063679253,5.285392858496185,1.9135171244248905,-2.4908610793188513,-0.9129478920997802,-4.501417211277703,0.6631272981601155,-3.7703901912070847,2.20382035924398,-1.2206206849525891,-0.4222280655962418,-2.1995978625980017,0.26417600340187253,-3.4771454714411787,2.5508513285714685,-0.31355133228219145,4.837029401757298,1.7799637604010043
2020-06-10,-0.5313091072437381,-5.0683260164967265,-10.71428571428571,0.0,1.6698758385164325,-1.3336699865603814,-3.744741013149233,-9.643074009595942,-4.9223940316630355,-15.275355291737801,-2.392778475561952,-8.978560125749649,-0.5847048646228425,-6.067931963024209,-0.15557341663848812,-5.8807239193366945,-0.9379352006599895,-5.015780583298435,-0.2806547031569018,-3.720798421528637,-1.8706409168884996,-4.784548953314849,-1.1321518911603823,-7.0772362714775054,-0.30136734421086775,-2.670587348532127
2020-07-29,1.242838167815008,0.9875242578604282,-1.6949152542372947,-5.267296086703988,1.448723597651158,5.798830961427037,1.874252870534554,0.15902862341888868,2.0861443391488654,-3.6548614951754548,1.521507170173142,-0.13211091930779295,0.46317948620551164,1.054205755959925,1.0494465594088398,0.7019369238387307,1.014554119337041,0.253352793894146,0.14359804004777654,0.14521688719316694,1.893120409614446,1.3801354911474717,0.8198115550748897,-3.776179227631793,0.9179106009170157,1.6484446785147822
2020-08-27,0.16730440109038458,2.000262394493557,7.246376811594213,5.156849299461275,0.08197863337287004,3.8118676932272555,1.6908350469358346,0.7042331974222327,0.1959205813955034,-3.6985325629572796,0.36002542232054235,-0.01267789567549471,0.32361094942277013,-1.1456313487759773,0.7856214751795321,1.8047849667053417,-0.5387063383530566,1.1417877627875161,0.6174017773738827,1.1259778552267008,1.3404255711114699,0.8495964589687599,-0.26818140237693244,0.04136369214454705,-1.215146533827316,2.9081512997302106
2020-09-16,-0.4618946596211537,-3.056563263314127,1.4705882352941124,1.7585023847447978,-1.5454622904017445,-2.2776893394289344,1.133150840272612,-3.9723395876778533,4.014698533586736,-1.0006734253680039,1.0163743596153019,-3.155456540599688,-0.13300637052490183,-2.6641175045352905,-0.16943369849391487,-2.3662508828739326,-0.5576984655110584,-3.9790430765055618,-0.4462948232562658,-2.8991212753058937,0.6503841500535623,-4.897986760317563,0.07536198479858314,-3.787793310211185,-1.0805697245144796,-3.2660177836378423
2020-11-05,1.9460194138962938,7.071870598534957,1.2820512820512775,-6.7297930052616195,3.1063850489821743,8.391429071793466,2.4429699814147776,10.91551659772455,0.0,11.674540199516427,2.355485571759375,7.776475449217324,0.8948235569555818,2.475809848847854,0.20061580953545377,7.071259282133746,1.9495650999428404,5.650474916932335,0.7307214792913408,2.6542307327554138,0.3647480399924019,4.464859263698784,4.081640040885692,6.440392212396628,1.9316765005640057,6.649339936468945
2020-12-16,0.17727951669590514,1.3034301514050828,0.0,-1.7037981653455492,0.678079312599511,2.8867647456690237,0.17477733203323798,2.6383833392440326,-0.49428846253983805,-2.601595232151843,-0.619111696800767,0.7925776143877572,-1.1561489869647001,-0.5833306184236831,-0.29452766463390345,0.9414524399021129,0.6555622114781778,1.0713354482767778,0.19339081453191298,0.21406542545284735,0.02727183689430479,0.3233811147189902,-0.2806100312648052,2.6023046509741854,-0.08918049911824655,-0.2835889162800864
2021-01-27,-2.5677883699462,-2.0665799029415677,-0.952380952380949,61.642043199539984,-1.8876104825458984,-1.2599383258626307,-2.9450855734936665,-2.5645700693110562,-1.3496777599356635,-4.925204291261676,-1.9862209549250887,-2.540220606700472,-2.694608947812882,-2.5560576667907675,-3.0359493171982166,-2.409398409085217,-3.0828426680076904,-2.5672463627369853,-1.6890312740035718,-2.3771219644524444,-1.27895918822315,1.2219150221621233,-2.946430120431953,-3.37068687942993,-3.2345480137949467,-1.5180563736717834
2021-03-17,0.287938213053085,-0.7028426820698597,0.6172839506172645,-2.8297187841544558,-0.08214165967354026,-0.4377833376478235,0.6723096407895257,-2.2903667759682,0.777444111962744,-7.506282297540967,1.1539497624494688,-1.1803798193045667,-1.6274503315295341,-1.7403682741504278,-0.3642024134831945,0.5941248829448909,1.4049969919394112,-0.820622905429802,-0.15031569604945227,0.9669708312482928,-0.15202619013091612,-1.0112307497486483,0.8959646769062024,-0.923020079105974,0.01316860767879291,1.116299199352666
2021-04-28,-0.08455399168898481,-0.1492335770184927,0.0,-1.5945261264952326,-0.9295850870390088,-2.900084735626207,0.3910755025833046,2.5817319339696554,3.4475343133562486,6.0044218983459015,-0.20567833780102962,1.697928427768003,-0.13700675419846542,0.7777401730584499,-0.30191719425781693,-0.437420746209527,-0.11772073769651392,-0.2951711792354428,0.07273593782275434,1.9667735094156091,-0.35431885961312304,0.5018057326875214,0.27651976723401805,1.0689918017366185,0.9174212208252097,1.3888613057356225
2021-06-16,-0.5390124612855707,-0.6959712802613094,3.9735099337748325,6.639242834163106,-0.5402180437817816,0.16120635153156204,-0.10741205208875115,-2.9521121833271042,-0.5339012788349029,-0.7312218460393982,-0.9470293768488958,-1.1600624423372508,-1.5048611853894611,-1.9558748093854716,-0.38491641632708573,0.47102027534360325,0.046401074094859496,0.1373908543676139,-1.3289845047492643,-1.8340278333823345,-0.9054509716364567,-1.0354291935209536,-1.1074430757833542,-3.0913399217458943,-0.876285068024174,-1.2315944056518369
2021-07-28,-0.01862618826539153,-0.6098601761214573,0.8000000000000007,-5.423559459227267,-0.12421394092606564,-1.0285295518014492,-0.13710932775171658,0.17355668892649057,0.9135204239006711,-1.389165934357317,-0.23304519944312707,-0.875132404038903,-0.7628157416007197,1.1590077805666232,0.35808304698474736,1.2951308925778005,-0.322820144606617,-1.9794474412682672,-0.8789876518643602,-0.4280510383260383,-0.6002039846200957,0.26495418021103,0.29079798423574665,0.7160083950276452,0.7838192357980889,-2.05372107848516
2021-09-22,0.9519611195260236,1.9526594888544357,-0.7518796992481258,-14.326763890289563,1.3709971421887124,1.8502403181550608,1.671213408186012,5.873192310502895,3.0834181039381514,11.127851411655442,0.7931930480644889,2.1084777991590697,-0.060980168994106965,-2.157873607087424,0.16746825112057273,-0.7899000108084642,1.3617860932394699,3.4365696160043147,0.2852019122083771,0.130316175426215,0.8426906380772481,-2.4251737587706157,1.03496078066998,2.849109103213976,-0.04942093518695012,1.3650197807186348
2021-11-03,0.6461279195357994,1.8944172206174503,2.564102564102577,-5.801623614093532,0.5838631528319871,4.084525510518544,0.37145809743284186,-0.08820008992082018,-0.8288716379417749,0.5834402555085161,-0.21876539505301107,1.945174503424485,-0.3719753395670655,-1.3767358846927258,0.587323417318375,0.006612949409323665,1.798871504069921,1.7000710149233433,0.9326737769217219,1.4859572061453719,0.5787583088907811,0.5952676765938691,1.0430010377642684,4.155448594563927,0.360531875399972,1.1306879294063044
2021-12-15,1.6348464630746795,-2.154136681517227,2.083333333333326,-11.877563027025973,2.649755791015851,-3.6852421700680815,0.28308006613380066,-2.011345844562462,-0.48717183580460066,-3.540831899678931,0.8715096606918715,-3.340038685903235,1.6383845057735824,0.13710056627344036,2.0472793384213483,0.9324045655918933,1.2691767710621304,-3.815694324608543,1.010487060488674,0.1050746411795811,1.4807359915234741,-0.23624705408943347,0.2167032542583769,-1.8983414968921974,1.051274661520818,-0.4559573242441384
2022-01-26,-0.1496635847751837,2.4180967761746497,3.93258426966292,2.5673916591080648,0.5872966467463492,4.470037423778828,0.2599295039678706,1.9564680310662053,-0.16843507903816501,4.818598302087174,-0.8731933819170368,-1.006557204834324,-0.8195295855316642,1.6019323666393248,-0.5225923642317665,1.7089012058042363,-0.4846868879686772,1.4253034196281993,-0.761285183337701,0.3617768853257042,-1.6645258939239516,0.8378420667816022,-1.044029956422332,0.4498778067813958,-1.4594654146491859,1.7335127571136533
2022-03-16,2.238376135718223,6.736778756535,1.8604651162790642,-10.593361902427766,3.250293573549934,9.175579890374252,2.809019430906945,5.602244341799101,-0.45948452907075277,3.2560827145709625,1.3222502660703794,4.800967452244276,-0.18247971457248102,1.3327500294037509,1.2005344933410322,5.317700481331833,3.411447802178391,9.694466577509207,0.1089435400275729,3.4027487718724547,1.1098960928487056,3.0403827005235917,1.5725313317958012,6.078851420211362,2.7606162011439395,6.129490887070244
2022-05-04,2.986242108440229,-3.298624380640547,-1.3468013468013518,-13.094016833183098,3.5113147906307596,-5.798527365832795,3.0598035909370713,-1.653750744940119,4.153382933770988,0.15927860003075445,2.896728343727051,-2.149347533567203,2.2316258683311885,1.6398992885164332,2.2172402844434114,-2.313225658409912,2.9359974657489074,-8.44552228890565,2.251356725696607,0.13495829029098738,1.1754417865290412,-5.850804589238578,3.2431097256829133,-3.3251212959723553,3.434667323210294,-4.643662439263984
2022-06-15,1.4592504858983224,-1.9492260676921336,-4.584527220630374,-9.391244773461938,2.1099185466502135,2.1297656075761617,1.1185468990439151,0.022135989690674762,-2.207979350322331,-7.936450230004767,0.967119338675837,-1.0503698997315847,0.6481870920214128,-2.83907056413536,1.0121866806896307,1.2224853546308534,2.810662331653435,1.7876510569309612,0.10068260249462835,0.4663374590253788,2.287340448829811,1.64030528954332,-0.025670476613426363,-3.0604817687465475,2.2457122157304887,0.458828251457688
2022-07-27,2.6156273782937722,3.8131085773444147,-1.067615658362997,-5.872825968307726,4.301476658710324,5.522882574669374,1.5384539929892194,1.4534493280439431,2.2575032673773476,4.182686228221311,1.5488916099555494,5.2654909758670705,0.08483776951755395,5.238318073149251,0.6251101442687368,0.7034380369170257,3.7850482901179205,6.661028763787435,0.6812926913061901,2.5230260710641383,0.5428222036500729,3.9002036866991774,1.2022622368048186,2.8239006014476042,4.2245876750564015,0.9881961587666188
2022-09-21,-1.7116493600784488,-6.438932290157884,-1.6806722689075682,3.0559643901659994,-1.562006384171366,-5.1705861163939275,-2.0750766749136784,-8.393937214410208,-1.4656334065445975,-11.866777710075471,-1.327793046112613,-7.003452241872554,-1.3672927356757736,-6.7460643955704835,-1.6589123109817527,-3.765426229961255,-2.36747227698767,-8.897826111833574,-0.38053959554795735,-2.6968299101637228,-1.4667840767830786,-8.973221398405695,-2.1856477638488636,-8.956632416307652,-2.445673978302143,-7.917565604999943
2022-11-02,-2.500198485734284,-1.6456501190926787,0.7371007371007154,0.19372780102207,-3.454275596304879,-3.7358880182137506,-1.2620939402312015,0.8265398964034776,-2.410021147837127,3.3412281529088927,-1.7610834271604148,1.8670122507880138,-0.9695830524997451,-1.436427427151754,-1.701420202152748,-0.38451200364262306,-3.780624412508471,-5.254171642246895,-1.737705971888226,-0.3170516180141747,-2.6179422871118296,-1.4639721947270923,-2.59863874490609,2.6714214257819613,-2.818367480630657,-3.4341829711587284
2022-12-14,-0.6052724634100337,-4.3830001994954015,-0.5698005698005604,-6.2527711535120485,-0.8422607473613453,-6.058594829718345,-1.2542789026326884,-3.9944638981116776,-0.6129706695388815,-0.5620290025447283,-0.18783656423665418,-3.180304710753945,-0.1238267393405712,-3.131833873793022,0.15730016877499864,-3.1964057825062175,-0.7440024413070456,-5.861552372968926,-0.06527189012306422,-2.462488373809002,-0.9627682700542817,-4.0472654715638985,-1.0747613584457638,-4.470604051433192,-1.30253559859147,-5.877674463331484
2023-02-01,1.045230394459029,2.3299073765345457,-3.693181818181812,-7.886591800937293,2.3536236916121833,4.426201064308744,0.0,1.413717870302178,-1.9681939221577238,-4.036146520662786,0.7265584321527685,2.438432764075271,0.17367029063721784,-0.10239234562267052,0.47239898707924777,0.23370104074310616,1.896427483700469,4.023923034874043,0.8001145755169636,0.7510895495973613,0.7390957927005282,2.1547639853618406,0.6615495122817228,-0.36232111122094235,1.180081192928828,5.753821200046485
2023-03-22,-1.6463223775713631,0.6790260414299532,-3.064066852367686,4.116001415613146,-0.9952404159538686,0.9263366113389404,-2.315393484987738,0.8694944409155636,-2.1271283602201763,2.4674229143371473,-1.9152761198778956,0.20410168978275411,-1.9649754524041163,-1.759578579134291,-1.5110076402215178,0.6989826673415522,-2.2278598734409294,0.3104647066746735,-0.9215951579773951,0.8420227676574132,-3.65145033592299,-2.5990968075553127,-1.7769818666137138,0.872913044400847,-1.7537556640077279,1.9536826092768966
2023-05-03,-0.6998305064656485,-0.68764202816749,-1.744186046511631,3.1496031738794894,-0.8427570184984523,0.19895813142898344,-1.1444505453757858,-2.0675884764057466,-1.8879579021001902,-4.6362561841413195,-0.3819528513052117,-1.368013394319234,-0.27834922251277483,-0.39278014258309346,-0.13470577613654555,-0.6793733588994044,-0.791548568313194,0.904269759228804,-0.8151112408175454,-0.7034726287515669,-0.6256732349373961,-0.5546589837035265,-1.1037389352443472,-1.3607904303158724,-0.3912807970957721,-1.588876942048667
2023-06-14,0.08194255259321714,1.6258433369326308,-0.26041666666666297,-4.99657467070983,1.0313378725102629,1.4258093345338896,-0.389901784874469,0.5826237637997167,-1.0255846287024806,-1.8415781568477119,-0.26837585752710336,1.5004950946579276,-0.06036469382024734,0.3768304599475969,-1.0262235842727674,0.9095015664011608,-0.0724253125715335,2.2158705575254456,0.6131604380098965,1.3857812402114367,0.5351900377807972,0.5086652322765506,-0.41870209260242985,1.6449881150859436,0.17141610245658967,0.7723925762205264
2023-07-26,-0.015543889679858758,0.758112412554135,-1.278772378516635,-4.834055504259438,-1.3448608694073383,1.1022081499434844,0.5937241767970614,-0.7485126114321283,0.0348388744982886,2.124105866193393,0.7021682956971143,0.5715252932970816,0.0,-1.7717475161910357,-0.06624498542832091,-1.3193391882681649,-0.023310527640807432,0.9699113413987881,0.11857045358487639,-0.21381121732907404,0.36194016786676997,-1.9922501566175255,-0.339097992997206,2.0374670324629696,1.5632177304814698,4.661655978880108
2023-09-20,-0.9394794758059599,-2.6219272862904153,-0.4576659038901698,7.299792428826057,-1.5715456896008062,-2.6136189741381433,-0.6910471988080147,-2.987568996894896,-0.9315090038363838,-1.814568919470283,-0.3932836890669478,-2.2923388844312997,0.09372166231171875,-1.8270349623278004,0.007615168023589192,-0.44427209144756175,-0.9954293871760278,-4.594855957023525,0.09810570113413242,-2.3226303782976965,0.19449539785376668,-4.660108220960701,-1.0505469724759298,-2.4588566139842727,-1.3641659579469279,-2.4006128092685874
2023-11-01,1.0505999486313922,4.6986236488741895,-2.254098360655743,-7.0010947802995105,1.9327841267086532,6.025150790584721,0.6489556807937502,5.13021706138761,-0.23477382570969985,0.9832387748284099,0.3253221595384437,3.737870089504569,1.13921033251152,4.19949263832422,0.20877474687011066,3.532726893185001,1.2360082620213042,6.1317953385702895,-0.103156388455794,1.826377422559422,0.5135914798235053,6.606941795057464,0.0526142290705911,3.5110694784171725,1.4678635996840272,4.5716557311103685
2023-12-13,1.3650676351045998,2.5349191229552703,-3.809523809523818,0.9941995740939458,0.8810937269430497,2.101502449591286,1.6115893960026995,3.0695419299230475,1.3916166579849953,3.2443027472448316,1.1131244722460298,2.7195015004812806,3.7759595062333506,0.10331233847170607,1.8425786055829008,1.0992294952317128,1.3089224655749687,3.7902806639650732,1.8166647686361337,1.7164585591962545,3.6296694825512565,4.884287450690561,1.2170232723793584,3.3507637816097335,0.9397680244487949,2.772574957813423
2024-01-31,-1.6105744611597972,0.3285402216314348,-1.724137931034464,7.813673396435372,-2.099838556282352,-0.40380164431823573,-1.2232348475423538,0.018185620773358835,-1.870571684723199,-0.9560094381588335,-1.155755840936501,0.7056335475750131,-0.21110674799036389,-2.2257536017913138,-0.13516817302956508,1.5516730565049763,-1.8209177611988925,0.4218977968853732,-0.7351019220468991,0.9267598232862162,-0.7289620856186674,-3.147090138179498,-1.3085325420495675,-2.309478919741925,-2.4678684067591106,0.4966477321102891
2024-03-20,0.8904173912846591,1.333270666296904,-0.6976744186046546,-5.643992403728582,1.1187817785486942,1.0801422300518726,1.1931107677206843,0.9686697739001993,-0.14103325415677492,2.312340597089324,1.2039320580881752,2.0649505905601884,0.12541089341735479,1.465399978568671,-0.22637074215593467,0.29229799473476925,1.4897321108003014,1.737625525552322,0.3036740537217364,-0.03704463879897757,0.4126965657997861,-0.7674700039842497,1.0038635260579687,0.8427819146430648,1.1776490947240426,1.0432027783967124
2024-05-01,-0.34354388154940185,1.2845348303707205,-1.279317697228155,-1.6613372622684919,-1.0241040904884202,2.1758382869118575,0.0,0.7712103857644315,-1.5932460465918785,-3.195414435912725,-0.24687884685310468,0.45047871866527034,1.1537236506660609,2.472576486466904,0.178150579731029,0.6897030759410727,-0.6263425365746311,-0.05775454122828316,-0.6357654205539687,0.12559343152539482,0.055238386741907064,0.4635669085304328,0.5190116563402292,-0.19547943430253678,0.9247349170989239,2.680264039180613
2024-06-12,0.8503672791998707,2.0829235827869663,-1.8223234624145768,-6.303505023896772,2.211914483549493,6.752818569432462,-0.09792930644053621,-0.7420832969241564,-1.0719438506023637,-2.669299929337565,0.9507346420267959,-0.16010066447132987,-0.6533159124812782,-2.374998416609686,-0.2118186667966926,-0.8461140496691333,1.040738041745315,1.8201597084658405,-1.0959206007248756,0.11382207810625156,0.7097840473463624,0.45011345351047005,0.18957702121553677,-0.05968964079070549,-0.2123548712297585,-0.0888147747817869
2024-07-31,1.5793398659167401,-5.121093546965538,-1.4457831325301318,-7.518371303299154,4.23515075458456,-8.148690933745307,-0.2508594834293332,-5.873797807649805,0.42017472342650297,-5.460836683964876,1.1150665511441282,-4.379950273607802,1.2941669402733558,1.1325763543238554,-0.36620971851397677,-2.126879434155071,1.5490557283364126,-7.965986024104144,-0.17950594510561801,-1.0196581534092308,-0.24218335865758833,-0.7753996232239269,1.04178024092485,-3.8051803436862097,1.1913221631720372,-2.4909134438950153
2024-09-18,-0.2896455862498093,1.5213193048772888,1.3698630136986356,3.520720672322497,-0.9125394154320787,1.355784969260676,-0.30886394971516573,1.1433122007560526,0.19376082708488784,3.749619058056941,-0.08335985567449189,2.1572396343555456,-0.7587371604537263,2.211613667066681,-0.1670822435521968,-1.443234114111569,-0.19676380159290296,3.5776401301453875,-0.383431016342739,-0.8584425491327652,-0.2888755159216605,-0.3998005486210987,-0.426758332895516,1.442661266877865,-0.07975298795926955,1.501531032645731
2024-11-07,0.7431229727488331,4.971869879823609,-2.488687782805432,-6.5765250054922735,1.7441678734844812,5.337361365348192,-1.6145317386904945,7.720283339938206,-0.4595852703194736,5.200913652342754,-0.6010080959667374,6.836902225378172,0.180524188529807,2.845167406283877,0.7227885491510211,1.7187543405356887,1.2844943206573811,9.689518799521291,0.3645029865493532,0.23534021755599044,1.2429542362853763,0.7861894529304747,0.3895954171183158,0.5697695367505418,1.310284195970457,4.952497038102344
2024-12-18,-2.949284635160343,-1.6065556404867842,2.2727272727272707,74.03907396600702,-3.22526235178745,-1.1702513293626815,-2.9938852276987005,-1.6192690608520133,-2.955768463756947,-2.9978005971193156,-2.824842572326247,-2.719944434768906,-2.3598290578162207,-0.38585302016843626,-1.357667289065656,0.07401455864060047,-4.506533409041269,-3.7705596048421945,-1.5220222263807481,-2.579409958782475,-3.9132442536339296,-3.7983255732095262,-2.8425281100738276,-3.308582940199478,-2.8537388620066717,-2.7895983755048537
2025-01-29,-0.4678895760321544,0.4767562340937892,0.0,0.9140744663317601,-0.8132089799573028,0.10643538216746906,-0.07793508158662199,-0.2849479131573296,0.22346964043871154,-2.3829277744250144,-0.33995648244831145,-1.5769201688459855,0.2089230409332954,0.8680298574611944,-0.5869650989817732,-0.0625345244339881,-0.28496929087301615,-0.9493096872628226,0.2412392089731208,-0.8812631292287265,-1.1580176257045993,-1.4412560519853623,-0.18025997975520403,-0.18323065891708845,0.4437065399944151,1.6443117410469332
2025-03-19,1.0798495567894584,1.6430743892242639,-0.9324009324009341,-8.29493585771356,1.3009648191311785,1.2321857893750288,1.1013703631119087,2.521107881385576,1.6312787997775802,2.6037519099313067,1.326977543942509,1.3486665869438919,0.3687308549974455,-0.5957798971977124,0.054489526323342474,0.6480531973549697,1.9173231206074615,4.007190119043913,0.0,-1.048871878250468,0.119281195314902,-0.2026700059985065,0.33366919967847686,-0.10676515745615678,1.188614933431742,1.7749412157819777
2025-05-07,0.43463562331358396,3.4300193512907917,-0.9302325581395321,-4.886918338594592,1.0015424764023173,5.642920696394094,0.5899063233789414,2.878360911943012,0.03726334093596684,4.991115929384615,0.5094725555427004,4.171471069016441,0.2856383774725746,0.2766191249336636,0.766773778345553,-1.5088887683629593,0.7795417984926445,6.53847673359963,0.15981348343194757,-0.5639489128186126,-0.07213475125914526,-0.5452398289902516,-0.5496455484040985,2.639123260080811,-0.18436926867564374,1.5978987618370688
2025-06-18,-0.03092402101070313,-0.12335793536228934,-0.2277904328018221,-6.759263731651588,0.12016832824794932,0.10977706633398254,-0.03981021656436212,0.9243141603242466,-0.6541909218027886,-1.2276957768969532,-0.23849958083067557,0.47617866863183256,0.26136084169106066,0.9752100760585858,-0.17231908976563792,-2.159266054712905,0.04754301721765497,0.42429401818678825,-0.1241756161503016,0.9180579243476705,0.19157938614349224,1.221644643161246,-0.28650061850863384,-0.8263462245560738,0.04834646912712515,-0.17606140394970105
2025-07-30,-0.12494327466496813,-0.9158727285759394,0.9216589861751112,-3.128911228554565,0.2234051489633737,-0.6332118920915453,-0.18939113880265257,-2.1843275579570554,-1.4277602713585358,-3.0671051357576973,-0.4910006945227363,-2.195230549439131,0.744845643086145,4.356050036853842,-0.1785197705286623,-1.6458238521121493,-0.6321769542894762,-3.3510624975468977,-0.8868118702165861,-0.12435851339036574,-1.4034997490057544,-0.9365814810399997,-2.0180866905978534,-3.48827599619439,0.31096557107630485,1.0746592837562852
2025-08-22,1.5186444876893468,0.448420847669484,-1.616628175519641,-14.337349757519691,1.355682719164264,0.09254684734210095,1.6508541242122199,1.2639410706586807,2.037510466587089,3.8206994912990844,1.6326067428663604,0.18391697269761753,0.537508904258166,-1.1700168221802976,0.8245819121723397,-0.39465364442416995,3.0367352123515268,1.2543083767498797,0.0,-2.0429716322263536,1.5834885736945914,1.1128848123711843,1.9803097787924218,1.804371020145079,1.4398907214391743,1.1928546256476436
2025-09-17,-0.09701681605103207,1.1826486031540462,0.4950495049504955,-3.911982392701152,-0.34512565959859964,3.5203615707436464,0.970869346340475,0.9283191089050513,0.23390321316096863,0.15728990301118184,-0.45445779664966546,0.8919466643387941,0.24958330514897042,0.10954675892567156,0.19719039233332403,0.23743981081530974,-0.2518751462739055,-0.035580619171426964,0.601797891063649,-1.1332654045499102,-0.04756090181247119,-0.7366341960221012,0.23163369694905178,-0.15457075464336834,0.26156502470211507,-0.002775216172556938
2025-10-29,-0.0043578255173426506,-0.504252512831771,2.2556390977443552,3.045066977325206,0.7186426974240989,0.9844826180441357,-1.6984364924914397,-2.219251050855786,0.7440493605054721,-0.14607322816553303,0.2586043277826411,-0.8918355588581783,-0.03328390126600134,-2.7377105729380236,-1.010657443482943,-1.3129482139173199,-0.8252490247163458,0.5232640678839329,-2.358789324139543,-4.534638775210764,-2.727923820707223,-4.507086763850577,-1.9643058389662404,-4.3679246790507715,-0.24875700031949943,-3.071856595819078
